INSERT INTO departement (id_departement, nom_departement, lieu, filieres) VALUES ('1001', 'Informatique', 'Saint-Martin', 'L1-MIPI,L2-I,L3-I');
INSERT INTO departement (id_departement, nom_departement, lieu, filieres) VALUES ('1002', 'Mathématiques', 'Saint-Martin', 'L1-MIPI,10000004L2-M,L3-M');
INSERT INTO departement (id_departement, nom_departement, lieu, filieres) VALUES ('1003', 'Physique', 'Saint-Martin', 'L1-MIPI,L2-P,L3-P');
INSERT INTO departement (id_departement, nom_departement, lieu, filieres) VALUES ('1004', 'CUPGE', 'Saint-Martin', 'L1-MIPI,L2-CUPGE,L3-CUPGE');


INSERT INTO utilisateur (id_utilisateur, nom, prenom, birthday, mail, telephone, departement, utilisation_en_cours, penality, penality_time, handicap) VALUES ('22 100 493', 'VAYSSE', 'Matthieu','2002-07-05','matthieuvaysse2002@cyu.fr', '0643316947', '1001', 1, false, NULL, false);
INSERT INTO utilisateur (id_utilisateur, nom, prenom, birthday, mail, telephone, departement, utilisation_en_cours, penality, penality_time, handicap) VALUES ('22 100 517', 'VOLQUARDSEN', 'Alex','2001-12-16','alex.vloquardsen@cyu.fr', '0679801313', '1001', 1, false, NULL, false);
INSERT INTO utilisateur (id_utilisateur, nom, prenom, birthday, mail, telephone, departement, utilisation_en_cours, penality, penality_time, handicap) VALUES ('22 100 400', 'LEMAIRE', 'Marc','1968-10-24','marc.lemaire@cyu.fr', '0679561327', '1001', 0, false, NULL, false);
INSERT INTO utilisateur (id_utilisateur, nom, prenom, birthday, mail, telephone, departement, utilisation_en_cours, penality, penality_time, handicap) VALUES ('22 100 401', 'LEMATEU', 'Gérard','1979-10-13','gerard.lemateu@cyu.fr', '0647693821', '1002', 0, false, NULL, false);
INSERT INTO utilisateur (id_utilisateur, nom, prenom, birthday, mail, telephone, departement, utilisation_en_cours, penality, penality_time, handicap) VALUES ('22 100 402', 'OBUCHET', 'Jeanne','1982-01-01','jeanne.obuchet@cyu.fr', '0614312000', '1003', 0, false, NULL, false);
INSERT INTO utilisateur (id_utilisateur, nom, prenom, birthday, mail, telephone, departement, utilisation_en_cours, penality, penality_time, handicap) VALUES ('22 100 403', 'LAGROSTET', 'David','1980-05-20','gerard.lemateu@cyu.fr', '0647693821', '1004', 0, false, NULL, false);
INSERT INTO utilisateur (id_utilisateur, nom, prenom, birthday, mail, telephone, departement, utilisation_en_cours, penality, penality_time, handicap) VALUES ('22 100 415','VITO','WAYANE','1990-11-22','WAYANE.VITO@cyu.fr','0677790327','1004',0,false,NULL,false);
INSERT INTO utilisateur (id_utilisateur, nom, prenom, birthday, mail, telephone, departement, utilisation_en_cours, penality, penality_time, handicap) VALUES ('22 100 114','REMY MORIN','GUYVELINE','1987-08-10','GUYVELINE.REMY MORIN@cyu.fr','0657808624','1001',0,false,NULL,false);
INSERT INTO utilisateur (id_utilisateur, nom, prenom, birthday, mail, telephone, departement, utilisation_en_cours, penality, penality_time, handicap) VALUES ('22 100 333','HLIHAL','DJAWED','2003-11-23','DJAWED.HLIHAL@cyu.fr','0682498524','1003',0,false,NULL,false);
INSERT INTO utilisateur (id_utilisateur, nom, prenom, birthday, mail, telephone, departement, utilisation_en_cours, penality, penality_time, handicap) VALUES ('22 100 087','CAPDOROY','SCHNEIDER','1974-09-08','SCHNEIDER.CAPDOROY@cyu.fr','0600440880','1003',0,false,NULL,false);
INSERT INTO utilisateur (id_utilisateur, nom, prenom, birthday, mail, telephone, departement, utilisation_en_cours, penality, penality_time, handicap) VALUES ('22 100 921','ROCHE FABRE','MARIA-MERCEDES','1966-06-08','MARIA-MERCEDES.ROCHE FABRE@cyu.fr','0674506115','1003',0,false,NULL,false);
INSERT INTO utilisateur (id_utilisateur, nom, prenom, birthday, mail, telephone, departement, utilisation_en_cours, penality, penality_time, handicap) VALUES ('22 100 804','AMGUINE','GUILIANE','1993-09-22','GUILIANE.AMGUINE@cyu.fr','0685781129','1004',0,false,NULL,false);
INSERT INTO utilisateur (id_utilisateur, nom, prenom, birthday, mail, telephone, departement, utilisation_en_cours, penality, penality_time, handicap) VALUES ('22 100 459','ROSE FELDMAN SEDGWICK','INTISAR','1994-03-03','INTISAR.ROSE FELDMAN SEDGWICK@cyu.fr','0640816620','1004',0,false,NULL,false);
INSERT INTO utilisateur (id_utilisateur, nom, prenom, birthday, mail, telephone, departement, utilisation_en_cours, penality, penality_time, handicap) VALUES ('22 100 993','EZZAOUINI','ABDOULAHI','1995-10-16','ABDOULAHI.EZZAOUINI@cyu.fr','0639223346','1001',0,false,NULL,false);
INSERT INTO utilisateur (id_utilisateur, nom, prenom, birthday, mail, telephone, departement, utilisation_en_cours, penality, penality_time, handicap) VALUES ('22 100 630','MACIUGA','CHAHINE','1970-08-22','CHAHINE.MACIUGA@cyu.fr','0617398801','1002',0,false,NULL,false);
INSERT INTO utilisateur (id_utilisateur, nom, prenom, birthday, mail, telephone, departement, utilisation_en_cours, penality, penality_time, handicap) VALUES ('22 100 829','NKOY OKITEMBO','HAWA','1965-04-17','HAWA.NKOY OKITEMBO@cyu.fr','0648376163','1001',0,false,NULL,false);
INSERT INTO utilisateur (id_utilisateur, nom, prenom, birthday, mail, telephone, departement, utilisation_en_cours, penality, penality_time, handicap) VALUES ('22 100 707','FRISET','KARMEN','1955-05-02','KARMEN.FRISET@cyu.fr','0636144791','1004',0,false,NULL,false);
INSERT INTO utilisateur (id_utilisateur, nom, prenom, birthday, mail, telephone, departement, utilisation_en_cours, penality, penality_time, handicap) VALUES ('22 100 069','KAGI RIVERA','ANDRÉ-MICHEL','1992-05-28','ANDRÉ-MICHEL.KAGI RIVERA@cyu.fr','0660173632','1003',0,false,NULL,false);
INSERT INTO utilisateur (id_utilisateur, nom, prenom, birthday, mail, telephone, departement, utilisation_en_cours, penality, penality_time, handicap) VALUES ('22 100 820','LAATEUR','MELISSANDRE','1953-03-01','MELISSANDRE.LAATEUR@cyu.fr','0657545273','1004',0,false,NULL,false);
INSERT INTO utilisateur (id_utilisateur, nom, prenom, birthday, mail, telephone, departement, utilisation_en_cours, penality, penality_time, handicap) VALUES ('22 100 867','KHARROUBI CHERIFA','ATINA','1980-08-18','ATINA.KHARROUBI CHERIFA@cyu.fr','0688259889','1001','0'false,NULL,false);
INSERT INTO utilisateur (id_utilisateur, nom, prenom, birthday, mail, telephone, departement, utilisation_en_cours, penality, penality_time, handicap) VALUES ('22 100 859','OKHISSI','YVETTE','1999-10-12','YVETTE.OKHISSI@cyu.fr','0623220570','1001',0,false,NULL,false);
INSERT INTO utilisateur (id_utilisateur, nom, prenom, birthday, mail, telephone, departement, utilisation_en_cours, penality, penality_time, handicap) VALUES ('22 100 964','ASSOGRAVI','DIMAS','1977-01-24','DIMAS.ASSOGRAVI@cyu.fr','0628651859','1002',0,false,NULL,false);
INSERT INTO utilisateur (id_utilisateur, nom, prenom, birthday, mail, telephone, departement, utilisation_en_cours, penality, penality_time, handicap) VALUES ('22 100 149','GOUGUE','MARIA-SOL','1959-11-16','MARIA-SOL.GOUGUE@cyu.fr','0659582830','1002',0,false,NULL,false);
INSERT INTO utilisateur (id_utilisateur, nom, prenom, birthday, mail, telephone, departement, utilisation_en_cours, penality, penality_time, handicap) VALUES ('22 100 182','FEUSIER','LEANDRY','1984-07-13','LEANDRY.FEUSIER@cyu.fr','0601188197','1003',0,false,NULL,false);
INSERT INTO utilisateur (id_utilisateur, nom, prenom, birthday, mail, telephone, departement, utilisation_en_cours, penality, penality_time, handicap) VALUES ('22 100 480','BARRERAS GOMEZ','GRACIEUSE','2002-04-09','GRACIEUSE.BARRERAS GOMEZ@cyu.fr','0635315761','1002',0,false,NULL,false);
INSERT INTO utilisateur (id_utilisateur, nom, prenom, birthday, mail, telephone, departement, utilisation_en_cours, penality, penality_time, handicap) VALUES ('22 100 872','HOSDAIN','MAHENDRA','2004-01-25','MAHENDRA.HOSDAIN@cyu.fr','0622704840','1001',0,false,NULL,false);
INSERT INTO utilisateur (id_utilisateur, nom, prenom, birthday, mail, telephone, departement, utilisation_en_cours, penality, penality_time, handicap) VALUES ('22 100 308','FONDINI','DEKLAN','1971-10-09','DEKLAN.FONDINI@cyu.fr','0691642591','1001',0,false,NULL,false);
INSERT INTO utilisateur (id_utilisateur, nom, prenom, birthday, mail, telephone, departement, utilisation_en_cours, penality, penality_time, handicap) VALUES ('22 100 704','PINOT DE VILLECHENON','KHIERA','1993-02-22','KHIERA.PINOT DE VILLECHENON@cyu.fr','0693584637','1001',0,false,NULL,false);
INSERT INTO utilisateur (id_utilisateur, nom, prenom, birthday, mail, telephone, departement, utilisation_en_cours, penality, penality_time, handicap) VALUES ('22 100 723','DUHOTOY','ELYESS','2004-01-26','ELYESS.DUHOTOY@cyu.fr','0634353986','1003',0,false,NULL,false);
INSERT INTO utilisateur (id_utilisateur, nom, prenom, birthday, mail, telephone, departement, utilisation_en_cours, penality, penality_time, handicap) VALUES ('22 100 561','SEHHOUL','ACIA','2000-06-21','ACIA.SEHHOUL@cyu.fr','0699555488','1001',0,false,NULL,false);
INSERT INTO utilisateur (id_utilisateur, nom, prenom, birthday, mail, telephone, departement, utilisation_en_cours, penality, penality_time, handicap) VALUES ('22 100 347','CHELMA','DION','2004-01-09','DION.CHELMA@cyu.fr','0650495376','1004',0,false,NULL,false);

INSERT INTO etudiant (id_etudiant, annee_etude, filiere, groupe_CM, groupe_TD, utilisation_etudiant, tuteur) VALUES ('22 100 493', '2022-2023', 'L3-I', 'Groupe CM S5', 'groupe D', 0, false);
INSERT INTO etudiant (id_etudiant, annee_etude, filiere, groupe_CM, groupe_TD, utilisation_etudiant, tuteur) VALUES ('22 100 517', '2022-2023', 'L3-I', 'Groupe CM S5', 'groupe D', 0, false);
INSERT INTO etudiant (id_etudiant, annee_etude, filiere, groupe_CM, groupe_TD, utilisation_etudiant, tuteur) VALUES ('22 100 415', '2022-2023', 'L2-I', 'Groupe CM S3', 'groupe A', 0, true);
INSERT INTO etudiant (id_etudiant, annee_etude, filiere, groupe_CM, groupe_TD, utilisation_etudiant, tuteur) VALUES ('22 100 114', '2022-2023', 'L2-I', 'Groupe CM S3', 'groupe C', 0, false);
INSERT INTO etudiant (id_etudiant, annee_etude, filiere, groupe_CM, groupe_TD, utilisation_etudiant, tuteur) VALUES ('22 100 087', '2022-2023', 'L3-M', 'Groupe CM S5', 'groupe A', 0, false);
INSERT INTO etudiant (id_etudiant, annee_etude, filiere, groupe_CM, groupe_TD, utilisation_etudiant, tuteur) VALUES ('22 100 630', '2022-2023', 'L2-M', 'Groupe CM S3', 'groupe A', 0, false);
INSERT INTO etudiant (id_etudiant, annee_etude, filiere, groupe_CM, groupe_TD, utilisation_etudiant, tuteur) VALUES ('22 100 820', '2022-2023', 'L2-M', 'Groupe CM S3', 'groupe B', 0, true);
INSERT INTO etudiant (id_etudiant, annee_etude, filiere, groupe_CM, groupe_TD, utilisation_etudiant, tuteur) VALUES ('22 100 872', '2022-2023', 'L2-P', 'Groupe CM S3', 'groupe A', 0, false);
INSERT INTO etudiant (id_etudiant, annee_etude, filiere, groupe_CM, groupe_TD, utilisation_etudiant, tuteur) VALUES ('22 100 308', '2022-2023', 'L3-P', 'Groupe CM S5', 'groupe A', 0, false);
INSERT INTO etudiant (id_etudiant, annee_etude, filiere, groupe_CM, groupe_TD, utilisation_etudiant, tuteur) VALUES ('22 100 561', '2022-2023', 'L3-P', 'Groupe CM S5', 'groupe A', 0, false);
INSERT INTO etudiant (id_etudiant, annee_etude, filiere, groupe_CM, groupe_TD, utilisation_etudiant, tuteur) VALUES ('22 100 347', '2022-2023', 'L3-CUPGE', 'Groupe CM S5', 'groupe A', 0, false);
INSERT INTO etudiant (id_etudiant, annee_etude, filiere, groupe_CM, groupe_TD, utilisation_etudiant, tuteur) VALUES ('22 100 723', '2022-2023', 'L3-CUPGE', 'Groupe CM S5', 'groupe A', 0, false);

INSERT INTO enseignant (id_enseignant, utilisation_prof) VALUES ('22 100 400', 0);
INSERT INTO enseignant (id_enseignant, utilisation_prof) VALUES ('22 100 401', 0);
INSERT INTO enseignant (id_enseignant, utilisation_prof) VALUES ('22 100 402', 0);
INSERT INTO enseignant (id_enseignant, utilisation_prof) VALUES ('22 100 403', 0);


INSERT INTO periode_cours (id_cours, nom, departement, effectif, debut, fin) VALUES ('00205', 'TD-3 projet BD/Réseau', '1001', 25, '13:45', '16:15');
INSERT INTO periode_cours (id_cours, nom, departement, effectif, debut, fin) VALUES ('00206', 'CM Algo et SDA', '1001', 25, '08:30', '10:00');
INSERT INTO periode_cours (id_cours, nom, departement, effectif, debut, fin) VALUES ('00102', 'CM droite', '1002', 25, '09:00', '12:45');
INSERT INTO periode_cours (id_cours, nom, departement, effectif, debut, fin) VALUES ('00201', 'TD droite', '1002', 25, '13:45', '18:00');
INSERT INTO periode_cours (id_cours, nom, departement, effectif, debut, fin) VALUES ('00212', 'CM point', '1003', 25, '08:45', '13:00');
INSERT INTO periode_cours (id_cours, nom, departement, effectif, debut, fin) VALUES ('00213', 'TD point', '1003', 25, '14:30', '16:30');
INSERT INTO periode_cours (id_cours, nom, departement, effectif, debut, fin) VALUES ('00250', 'CM dur', '1004', 25, '08:45', '11:15');
INSERT INTO periode_cours (id_cours, nom, departement, effectif, debut, fin) VALUES ('00218', 'TD compliqué', '1004', 25, '13:00', '16:00');

INSERT INTO casier (id_casier,id_dep, occupe, reserve, partage, heure_restant, heure_reservation, heure_fermeture,id_uti) VALUES ('locker_01','1001', false, false, NULL, NULL, NULL, NULL,NULL);
INSERT INTO casier (id_casier,id_dep, occupe, reserve, partage, heure_restant, heure_reservation, heure_fermeture,id_uti) VALUES ('locker_02','1001', false, false, NULL, NULL, NULL, NULL,NULL);
INSERT INTO casier (id_casier,id_dep, occupe, reserve, partage, heure_restant, heure_reservation, heure_fermeture,id_uti) VALUES ('locker_03','1001', false, false, NULL, NULL, NULL, NULL,NULL);
INSERT INTO casier (id_casier,id_dep, occupe, reserve, partage, heure_restant, heure_reservation, heure_fermeture,id_uti) VALUES ('locker_04','1001', false, false, NULL, NULL, NULL, NULL,NULL);
INSERT INTO casier (id_casier,id_dep, occupe, reserve, partage, heure_restant, heure_reservation, heure_fermeture,id_uti) VALUES ('locker_05','1001', false, false, NULL, NULL, NULL, NULL,NULL);
INSERT INTO casier (id_casier,id_dep, occupe, reserve, partage, heure_restant, heure_reservation, heure_fermeture,id_uti) VALUES ('locker_06','1001', false, false, NULL, NULL, NULL, NULL,NULL);
INSERT INTO casier (id_casier,id_dep, occupe, reserve, partage, heure_restant, heure_reservation, heure_fermeture,id_uti) VALUES ('locker_07','1002', false, false, NULL, NULL, NULL, NULL,NULL);
INSERT INTO casier (id_casier,id_dep, occupe, reserve, partage, heure_restant, heure_reservation, heure_fermeture,id_uti) VALUES ('locker_08','1002', false, false, NULL, NULL, NULL, NULL,NULL);
INSERT INTO casier (id_casier,id_dep, occupe, reserve, partage, heure_restant, heure_reservation, heure_fermeture,id_uti) VALUES ('locker_09','1002', false, false, NULL, NULL, NULL, NULL,NULL);
INSERT INTO casier (id_casier,id_dep, occupe, reserve, partage, heure_restant, heure_reservation, heure_fermeture,id_uti) VALUES ('locker_10','1002', false, false, NULL, NULL, NULL, NULL,NULL);
INSERT INTO casier (id_casier,id_dep, occupe, reserve, partage, heure_restant, heure_reservation, heure_fermeture,id_uti) VALUES ('locker_11','1003', false, false, NULL, NULL, NULL, NULL,NULL);
INSERT INTO casier (id_casier,id_dep, occupe, reserve, partage, heure_restant, heure_reservation, heure_fermeture,id_uti) VALUES ('locker_12','1003', false, false, NULL, NULL, NULL, NULL,NULL);
INSERT INTO casier (id_casier,id_dep, occupe, reserve, partage, heure_restant, heure_reservation, heure_fermeture,id_uti) VALUES ('locker_13','1003', false, false, NULL, NULL, NULL, NULL,NULL);
INSERT INTO casier (id_casier,id_dep, occupe, reserve, partage, heure_restant, heure_reservation, heure_fermeture,id_uti) VALUES ('locker_14','1004', false, false, NULL, NULL, NULL, NULL,NULL);
INSERT INTO casier (id_casier,id_dep, occupe, reserve, partage, heure_restant, heure_reservation, heure_fermeture,id_uti) VALUES ('locker_15','1004', false, false, NULL, NULL, NULL, NULL,NULL);
INSERT INTO casier (id_casier,id_dep, occupe, reserve, partage, heure_restant, heure_reservation, heure_fermeture,id_uti) VALUES ('locker_16','1004', false, false, NULL, NULL, NULL, NULL,NULL);
INSERT INTO casier (id_casier,id_dep, occupe, reserve, partage, heure_restant, heure_reservation, heure_fermeture,id_uti) VALUES ('locker_17',NULL, false, false, NULL, NULL, NULL, NULL,NULL);
INSERT INTO casier (id_casier,id_dep, occupe, reserve, partage, heure_restant, heure_reservation, heure_fermeture,id_uti) VALUES ('locker_18',NULL, false, false, NULL, NULL, NULL, NULL,NULL);
INSERT INTO casier (id_casier,id_dep, occupe, reserve, partage, heure_restant, heure_reservation, heure_fermeture,id_uti) VALUES ('locker_19',NULL, false, false, NULL, NULL, NULL, NULL,NULL);
INSERT INTO casier (id_casier,id_dep, occupe, reserve, partage, heure_restant, heure_reservation, heure_fermeture,id_uti) VALUES ('locker_20',NULL, false, false, NULL, NULL, NULL, NULL,NULL);

INSERT INTO carte (id_carte,id_utilisateur, num, code, date_creation, date_validite) VALUES ('00001030','22 100 493','4470 3456 7888', '2742', '2020-08-31', '2023-07-01');
INSERT INTO carte (id_carte,id_utilisateur, num, code, date_creation, date_validite) VALUES ('00001031','22 100 517','4479 3416 7848', '4378', '2020-08-31', '2023-07-01');
INSERT INTO carte (id_carte,id_utilisateur, num, code, date_creation, date_validite) VALUES ('00001032','22 100 415','0070 3406 7988', '9341', '2015-08-31', '2025-07-01');
INSERT INTO carte (id_carte,id_utilisateur, num, code, date_creation, date_validite) VALUES ('00001033','22 100 114','0070 3406 7988', '9341', '2015-08-31', '2025-07-01');
INSERT INTO carte (id_carte,id_utilisateur, num, code, date_creation, date_validite) VALUES ('00001034','22 100 087','0070 3406 7988', '9341', '2015-08-31', '2025-07-01');
INSERT INTO carte (id_carte,id_utilisateur, num, code, date_creation, date_validite) VALUES ('00001036','22 100 630','0070 3406 7988', '9341', '2015-08-31', '2025-07-01');
INSERT INTO carte (id_carte,id_utilisateur, num, code, date_creation, date_validite) VALUES ('00001037','22 100 820','0070 3406 7988', '9341', '2015-08-31', '2025-07-01');
INSERT INTO carte (id_carte,id_utilisateur, num, code, date_creation, date_validite) VALUES ('00001038','22 100 872','0070 3406 7988', '9341', '2015-08-31', '2025-07-01');
INSERT INTO carte (id_carte,id_utilisateur, num, code, date_creation, date_validite) VALUES ('00001039','22 100 308','0070 3406 7988', '9341', '2015-08-31', '2025-07-01');
INSERT INTO carte (id_carte,id_utilisateur, num, code, date_creation, date_validite) VALUES ('00001040','22 100 561','0070 3406 7988', '9341', '2015-08-31', '2025-07-01');
INSERT INTO carte (id_carte,id_utilisateur, num, code, date_creation, date_validite) VALUES ('00001041','22 100 347','0070 3406 7988', '9341', '2015-08-31', '2025-07-01');
INSERT INTO carte (id_carte,id_utilisateur, num, code, date_creation, date_validite) VALUES ('00001042','22 100 723','0070 3406 7988', '9341', '2015-08-31', '2025-07-01');
INSERT INTO carte (id_carte,id_utilisateur, num, code, date_creation, date_validite) VALUES ('10000001','22 100 400','0070 3406 7988', '9341', '2015-08-31', '2025-07-01');
INSERT INTO carte (id_carte,id_utilisateur, num, code, date_creation, date_validite) VALUES ('10000002','22 100 401','0070 3406 7988', '9341', '2015-08-31', '2025-07-01');
INSERT INTO carte (id_carte,id_utilisateur, num, code, date_creation, date_validite) VALUES ('10000003','22 100 402','0070 3406 7988', '9341', '2015-08-31', '2025-07-01');
INSERT INTO carte (id_carte,id_utilisateur, num, code, date_creation, date_validite) VALUES ('10000004','22 100 403','0070 3406 7988', '9341', '2015-08-31', '2025-07-01');

INSERT INTO est_dans (id_utilisateur,id_departement) VALUES ('22 100 493','1001');
INSERT INTO est_dans (id_utilisateur,id_departement) VALUES ('22 100 517','1001');
INSERT INTO est_dans (id_utilisateur,id_departement) VALUES ('22 100 400','1001');
INSERT INTO est_dans (id_utilisateur,id_departement) VALUES ('22 100 401','1002');
INSERT INTO est_dans (id_utilisateur,id_departement) VALUES ('22 100 402','1003');
INSERT INTO est_dans (id_utilisateur,id_departement) VALUES ('22 100 403','1004');
INSERT INTO est_dans (id_utilisateur,id_departement) VALUES ('22 100 415','1004');
INSERT INTO est_dans (id_utilisateur,id_departement) VALUES ('22 100 114','1001');
INSERT INTO est_dans (id_utilisateur,id_departement) VALUES ('22 100 333','1003');
INSERT INTO est_dans (id_utilisateur,id_departement) VALUES ('22 100 087','1003');
INSERT INTO est_dans (id_utilisateur,id_departement) VALUES ('22 100 921','1003');
INSERT INTO est_dans (id_utilisateur,id_departement) VALUES ('22 100 804','1004');
INSERT INTO est_dans (id_utilisateur,id_departement) VALUES ('22 100 459','1004');
INSERT INTO est_dans (id_utilisateur,id_departement) VALUES ('22 100 993','1001');
INSERT INTO est_dans (id_utilisateur,id_departement) VALUES ('22 100 630','1002');
INSERT INTO est_dans (id_utilisateur,id_departement) VALUES ('22 100 829','1001');
INSERT INTO est_dans (id_utilisateur,id_departement) VALUES ('22 100 707','1004');
INSERT INTO est_dans (id_utilisateur,id_departement) VALUES ('22 100 069','1003');
INSERT INTO est_dans (id_utilisateur,id_departement) VALUES ('22 100 820','1004');
INSERT INTO est_dans (id_utilisateur,id_departement) VALUES ('22 100 867','1001');
INSERT INTO est_dans (id_utilisateur,id_departement) VALUES ('22 100 859','1001');
INSERT INTO est_dans (id_utilisateur,id_departement) VALUES ('22 100 964','1002');
INSERT INTO est_dans (id_utilisateur,id_departement) VALUES ('22 100 149','1002');
INSERT INTO est_dans (id_utilisateur,id_departement) VALUES ('22 100 182','1003');
INSERT INTO est_dans (id_utilisateur,id_departement) VALUES ('22 100 480','1002');
INSERT INTO est_dans (id_utilisateur,id_departement) VALUES ('22 100 872','1001');
INSERT INTO est_dans (id_utilisateur,id_departement) VALUES ('22 100 308','1001');
INSERT INTO est_dans (id_utilisateur,id_departement) VALUES ('22 100 704','1001');
INSERT INTO est_dans (id_utilisateur,id_departement) VALUES ('22 100 723','1003');
INSERT INTO est_dans (id_utilisateur,id_departement) VALUES ('22 100 561','1001');
INSERT INTO est_dans (id_utilisateur,id_departement) VALUES ('22 100 347','1004');
